userID	questionID	rating
5205	17488	2
5205	8080	2
5205	36393	2
5205	44399	2
5205	44167	2
5205	44905	2
5205	22250	1
5205	7626	2
5205	31106	1
5205	39049	2
5205	9805	2
5205	27721	2
5205	7531	3
5205	5366	1
5205	7231	3
5205	10451	2
5205	2484	2
5205	26331	1
5205	6473	2
5205	3191	2
5205	36897	2
5205	10274	2
5205	14184	2
5205	19393	2
5205	44309	2
5205	13554	2
5205	34463	2
5205	20459	2
5205	8461	2
5205	19600	2
5205	15725	2
5205	4561	2
5205	32539	1
5205	27876	1
5205	8936	2
5205	23514	2
5205	4731	1
5205	7202	2
5205	141	2
5205	4136	2
5205	32449	2
5205	41274	2
5205	9887	2
5205	32227	2
5205	36330	2
5205	7165	2
5205	17492	2
5205	9798	2
5205	18352	1
5205	42354	2
5205	34226	2
5205	16408	2
5205	28612	2
5205	5287	2
5205	4309	2
5205	14026	2
5205	39757	1
5205	10812	1
5205	31665	2
5205	5935	2
5205	27125	2
5205	7049	2
5205	19875	2
5205	814	1
5205	4458	2
5205	1771	2
5205	8138	2
5205	18251	1
5205	40499	1
5205	27834	2
5205	31957	2
5205	7089	2
5205	32720	2
5205	20870	2
5205	35562	2
5205	19236	2
5205	20344	2
5205	3167	2
5205	10555	3
5205	15542	2
7770	1771	2
7770	14696	3
7770	1790	2
7770	34600	1
7770	34714	3
7770	20632	1
7770	32227	2
7770	1064	2
7770	1901	2
7770	8626	1
7770	19943	2
7770	16309	2
7770	1954	2
7770	5017	1
7770	27653	1
7770	28932	2
7770	4409	1
7770	7247	3
7770	15819	2
7770	19180	2
7770	2111	3
7770	13570	3
7770	7167	2
7770	37628	3
7770	18322	3
7770	43883	2
7770	7755	2
7770	5283	2
7770	18628	2
7770	5449	3
7770	5842	2
7770	18065	1
7770	8752	3
7770	22430	3
7770	5848	2
7770	43270	2
7770	7715	2
7770	35597	2
7770	1941	2
7770	34971	1
7770	13993	2
7770	30562	2
7770	2528	2
7770	17728	2
7770	4886	3
7770	10401	2
7770	9029	2
7770	29944	2
7770	9903	3
7770	7093	2
7770	19060	2
7770	18870	2
7770	16022	2
7770	39258	2
7770	27782	2
7770	17791	3
7770	20087	2
7770	22168	1
7770	20101	2
7770	23514	2
7770	22599	1
7770	22050	2
7770	32364	1
7770	6094	1
7770	40712	2
7770	12442	2
7770	23560	1
7770	37672	2
7770	18887	3
7770	2926	2
7770	35494	2
7770	5335	2
7770	43274	2
7770	6837	3
7770	43220	3
7770	1675	3
7770	28227	3
7770	6141	3
7770	4165	3
7770	31106	1
9830	23153	3
9830	40152	3
9830	9798	3
9830	15725	3
9830	36330	3
9830	7136	2
9830	27277	3
9830	25318	3
9830	2199	3
9830	36683	3
9830	20487	3
9830	31812	1
9830	4735	1
9830	1509	3
9830	23078	3
9830	37121	3
9830	2112	2
9830	17488	1
9830	44309	3
9830	10555	2
9830	7687	1
9830	43704	3
9830	4037	2
9830	8138	3
9830	30322	3
9830	10666	3
9830	19092	3
9830	20712	1
9830	1738	1
9830	9195	1
9830	936	2
9830	38750	2
9830	2117	3
9830	34893	2
9830	40292	1
9830	43419	1
9830	2173	3
9830	10103	1
9830	19198	3
9830	3274	2
9830	9830	1
9830	44749	3
9830	8886	3
9830	546	3
9830	34964	3
9830	3122	3
9830	8902	3
9830	4226	1
9830	20567	3
9830	10479	2
9830	9432	3
9830	3803	2
9830	6438	3
9830	7424	3
9830	606	3
9830	23417	2
9830	7801	2
9830	18153	3
9830	17347	2
9830	18251	2
9830	617	2
9830	10935	3
9830	8708	1
9830	8576	3
9830	16313	3
9830	4540	3
9830	1186	3
9830	43599	3
9830	20024	3
9830	18422	3
9830	23366	1
9830	45356	3
9830	1587	3
9830	6473	3
9830	26337	3
9830	6894	3
9830	7571	3
9830	10274	3
9830	22579	3
9830	4927	3
7777	15725	2
7777	36393	1
7777	13993	2
7777	14805	2
7777	3451	2
7777	8080	2
7777	27539	1
7777	37709	2
7777	4245	1
7777	7209	2
7777	3167	2
7777	37049	2
7777	8179	2
7777	36045	2
7777	7202	2
7777	17567	1
7777	3163	1
7777	22579	2
7777	805	2
7777	7461	2
7777	41372	3
7777	20713	2
7777	5366	2
7777	14236	2
7777	2612	2
7777	31073	2
7777	8615	1
7777	40712	1
7777	2561	2
7777	22207	2
7777	36555	1
7777	28173	2
7777	19236	1
7777	4153	3
7777	7231	2
7777	18870	2
7777	189	3
7777	4186	2
7777	7445	2
7777	18562	1
7777	18543	2
7777	38708	2
7777	28865	1
7777	2400	3
7777	22507	2
7777	8541	2
7777	8250	2
7777	7878	2
7777	23289	1
7777	43927	2
7777	3131	2
7777	19291	2
7777	9030	2
7777	2686	2
7777	19393	2
7777	18423	2
7777	23379	2
7777	20565	2
7777	8626	2
7777	30495	2
7777	18112	2
7777	31481	2
7777	19715	2
7777	16765	2
7777	3612	1
7777	37121	2
7777	26502	1
7777	40218	1
7777	22241	1
7777	42086	1
7777	20139	2
7777	41801	2
7777	4983	2
7777	10494	1
7777	14581	1
7777	3738	2
7777	28932	2
7777	7367	2
7777	3410	1
7777	42886	2
9000	5962	2
9000	23648	3
9000	39443	3
9000	805	2
9000	4611	2
9000	5865	2
9000	22609	2
9000	20645	2
9000	20852	2
9000	10809	1
9000	487	2
9000	14805	2
9000	16253	2
9000	28180	2
9000	18987	2
9000	5119	3
9000	4441	1
9000	9792	2
9000	35736	2
9000	22007	1
9000	17594	3
9000	31665	2
9000	3794	2
9000	35013	3
9000	3186	2
9000	42479	2
9000	31047	2
9000	23899	2
9000	9860	1
9000	7589	2
9000	2150	2
9000	39904	2
9000	34234	2
9000	9158	2
9000	1065	2
9000	32155	2
9000	3430	2
9000	4873	2
9000	44905	2
9000	28173	3
9000	18954	3
9000	6738	2
9000	44844	2
9000	10494	2
9000	5252	2
9000	23415	2
9000	4860	2
9000	22234	1
9000	1508	2
9000	242	2
9000	44952	2
9000	43868	1
9000	22285	2
9000	22562	2
9000	4638	1
9000	641	2
9000	7461	3
9000	14665	1
9000	17440	2
9000	3028	2
9000	23945	3
9000	7722	1
9000	10970	2
9000	1908	2
9000	4182	2
9000	2790	3
9000	27504	3
9000	5967	2
9000	23574	2
9000	15159	2
9000	35963	2
9000	8461	2
9000	9797	2
9000	155	2
9000	4645	1
9000	8119	2
9000	44343	3
9000	20373	3
9000	27749	3
9000	27721	3
4444	6932	2
4444	4862	1
4444	23802	2
4444	19373	2
4444	19948	2
4444	44787	2
4444	9268	2
4444	4621	2
4444	2108	1
4444	30400	2
4444	34226	2
4444	44804	2
4444	45264	2
4444	23807	1
4444	20006	2
4444	1996	2
4444	40820	2
4444	28745	1
4444	5399	2
4444	30522	2
4444	43924	2
4444	32424	2
4444	9167	2
4444	41604	2
4444	27390	1
4444	14760	1
4444	8179	2
4444	27578	2
4444	598	1
4444	1128	1
4444	8810	1
4444	15626	2
4444	4784	2
4444	4367	1
4444	44255	2
4444	32042	2
4444	974	2
4444	8121	2
4444	44190	2
4444	14016	2
4444	7165	1
4444	39768	2
4444	19223	2
4444	3488	2
4444	36556	2
4444	41274	2
4444	20211	2
4444	8854	1
4444	30896	2
4444	38528	2
4444	4516	1
4444	4891	2
4444	27539	2
4444	26862	2
4444	22223	2
4444	43728	2
4444	25176	2
4444	32646	2
4444	6903	1
4444	36629	2
4444	14903	2
4444	1939	2
4444	466	1
4444	3254	1
4444	17695	2
4444	10949	2
4444	27566	2
4444	4186	2
4444	7653	2
4444	19615	2
4444	25313	2
4444	981	1
4444	4309	1
4444	4459	2
4444	16799	2
4444	28903	1
4444	9692	2
4444	32353	2
4444	3831	2
4444	35091	2
4444	31481	2
2222	22073	1
2222	31103	2
2222	19986	2
2222	3254	2
2222	3049	3
2222	13721	1
2222	5484	2
2222	20211	2
2222	8961	2
2222	41801	2
2222	35545	3
2222	9663	2
2222	39904	2
2222	5046	1
2222	6574	1
2222	28173	3
2222	43747	1
2222	39126	1
2222	28903	1
2222	20852	2
2222	4357	3
2222	8668	3
2222	36225	2
2222	23408	3
2222	321	3
2222	28720	2
2222	7571	1
2222	1908	2
2222	35330	1
2222	8768	2
2222	19092	1
2222	43106	2
2222	43274	1
2222	3072	3
2222	44759	1
2222	8054	1
2222	6707	2
2222	17584	1
2222	42177	2
2222	20444	1
2222	18713	1
2222	44329	2
2222	14491	2
2222	3332	3
2222	20650	2
2222	5119	2
2222	5399	1
2222	18630	2
2222	4105	1
2222	8671	2
2222	8541	3
2222	16313	2
2222	40044	3
2222	23317	3
2222	43036	1
2222	20870	2
2222	22609	2
2222	8250	2
2222	30389	2
2222	9621	3
2222	40146	1
2222	8442	3
2222	9907	1
2222	6275	1
2222	7902	2
2222	39614	2
2222	6834	3
2222	31481	3
2222	606	2
2222	23104	2
2222	25176	2
2222	8990	2
2222	564	2
2222	8335	2
2222	5802	2
2222	7445	3
2222	20373	2
2222	6141	3
2222	5279	1
2222	40347	1
2424	10974	2
2424	3255	3
2424	23504	2
2424	44787	3
2424	2442	1
2424	23560	1
2424	13690	1
2424	18573	2
2424	510	1
2424	7049	2
2424	17494	2
2424	7902	2
2424	6035	1
2424	18892	1
2424	27277	2
2424	9860	2
2424	32423	3
2424	43572	1
2424	23618	1
2424	30379	2
2424	9621	2
2424	45270	2
2424	4784	2
2424	4282	2
2424	18951	1
2424	36549	1
2424	4561	1
2424	36225	2
2424	4611	2
2424	39443	1
2424	2153	1
2424	28903	1
2424	11118	2
2424	4588	2
2424	6707	2
2424	8708	3
2424	13921	1
2424	7878	3
2424	39049	3
2424	19577	1
2424	2904	3
2424	22419	2
2424	22292	3
2424	14126	1
2424	28227	3
2424	2108	3
2424	2613	1
2424	14138	3
2424	32995	2
2424	20373	3
2424	4459	2
2424	30562	3
2424	17440	3
2424	44844	1
2424	5421	3
2424	19986	3
2424	8442	2
2424	9797	2
2424	10692	1
2424	35963	3
2424	8121	3
2424	22	1
2424	981	3
2424	2644	3
2424	8095	2
2424	14760	1
2424	34714	3
2424	141	3
2424	6992	3
2424	2484	2
2424	20389	3
2424	19138	1
2424	34301	1
2424	3191	3
2424	37672	2
2424	6169	1
2424	6485	1
2424	5945	3
2424	35031	2
2424	9395	2
1846	6632	3
1846	5849	3
1846	4825	3
1846	2495	1
1846	32423	3
1846	27987	3
1846	31837	1
1846	4597	2
1846	43128	2
1846	13724	2
1846	9585	3
1846	38313	1
1846	9907	2
1846	43106	2
1846	43914	2
1846	36892	2
1846	889	1
1846	18713	2
1846	7083	3
1846	3049	1
1846	17892	3
1846	27903	2
1846	22361	2
1846	38214	2
1846	7759	3
1846	45317	2
1846	3331	2
1846	5421	2
1846	8250	1
1846	5722	3
1846	26763	3
1846	14026	2
1846	5959	2
1846	43635	2
1846	8130	2
1846	36365	2
1846	19986	1
1846	37573	1
1846	31944	3
1846	20230	2
1846	7533	2
1846	20444	1
1846	44759	3
1846	39804	2
1846	8927	1
1846	42990	1
1846	9045	3
1846	22419	3
1846	28850	2
1846	31896	2
1846	17608	2
1846	20660	3
1846	19038	2
1846	34220	1
1846	3435	3
1846	19374	2
1846	10994	2
1846	7467	1
1846	26654	2
1846	2835	1
1846	2979	3
1846	4625	3
1846	8611	1
1846	3244	2
1846	2215	3
1846	43557	2
1846	10050	1
1846	8580	1
1846	13721	2
1846	100	2
1846	4912	1
1846	18612	1
1846	22207	3
1846	12378	1
1846	18543	2
1846	30828	1
1846	11054	2
1846	16723	3
1846	932	2
1846	5982	1
2221	40292	1
2221	20565	2
2221	38399	1
2221	2381	2
2221	277	2
2221	321	2
2221	6277	2
2221	35883	2
2221	42340	2
2221	9860	1
2221	22562	2
2221	6834	2
2221	3010	3
2221	7238	2
2221	43833	2
2221	36045	2
2221	9399	2
2221	14575	1
2221	38309	3
2221	20006	2
2221	23574	1
2221	12264	3
2221	43924	2
2221	6182	2
2221	9903	2
2221	22507	1
2221	2117	2
2221	1065	2
2221	4860	2
2221	19776	1
2221	44255	2
2221	23560	2
2221	6982	2
2221	37121	2
2221	37628	2
2221	36535	1
2221	8564	2
2221	11024	2
2221	25316	1
2221	19804	1
2221	36225	2
2221	17445	1
2221	43557	2
2221	10949	2
2221	3404	2
2221	2342	3
2221	16309	2
2221	27782	2
2221	20292	2
2221	4165	2
2221	20893	1
2221	41604	2
2221	14193	2
2221	31073	2
2221	31896	2
2221	40044	2
2221	2108	2
2221	8442	2
2221	9007	1
2221	716	2
2221	42915	2
2221	981	2
2221	43599	2
2221	4315	3
2221	5821	2
2221	20079	2
2221	31907	2
2221	39179	1
2221	38847	2
2221	42990	1
2221	5802	2
2221	9064	1
2221	13550	2
2221	5252	1
2221	17446	1
2221	6665	2
2221	43728	1
2221	4611	2
2221	8750	2
2221	4245	3
3895	22428	2
3895	1121	2
3895	44329	2
3895	974	2
3895	44229	2
3895	3201	2
3895	6837	2
3895	43220	2
3895	22241	2
3895	36010	2
3895	10919	2
3895	466	2
3895	2835	2
3895	11224	2
3895	16711	2
3895	16253	2
3895	14745	2
3895	1128	2
3895	27504	2
3895	39705	2
3895	3163	2
3895	9167	2
3895	3430	2
3895	3000	2
3895	20649	2
3895	13570	2
3895	9692	2
3895	22430	2
3895	755	2
3895	20713	2
3895	18951	2
3895	12272	2
3895	23317	2
3895	4597	2
3895	19057	2
3895	42420	2
3895	43419	2
3895	9585	2
3895	14792	2
3895	1713	2
3895	34808	2
3895	7801	2
3895	26654	2
3895	37119	2
3895	4409	2
3895	4961	2
3895	18887	2
3895	7461	2
3895	28180	2
3895	23648	2
3895	4771	2
3895	32364	2
3895	14126	2
3895	14299	2
3895	18573	2
3895	20024	2
3895	44684	2
3895	3410	2
3895	34971	2
3895	14918	2
3895	4153	2
3895	8671	2
3895	8130	2
3895	35888	2
3895	31047	2
3895	14349	2
3895	6765	2
3895	20087	2
3895	8017	2
3895	2330	2
3895	28749	2
3895	19364	2
3895	4459	2
3895	3477	2
3895	447	2
3895	43927	2
3895	16528	2
3895	38861	2
3895	29963	2
3895	450	2
3895	2	2
3895	3257	2
3895	16799	2
3895	2612	2
3895	1941	2
3895	11162	2
3895	28858	2
3895	22292	2
3895	923	2
3895	44374	2
3895	35091	2
1489	3186	2
1489	19979	1
1489	4182	2
1489	19361	1
1489	4825	3
1489	18612	3
1489	6970	3
1489	23289	2
1489	10853	2
1489	42800	1
1489	16112	1
1489	22579	3
1489	2673	2
1489	4645	2
1489	23908	2
1489	30400	1
1489	6016	1
1489	16692	3
1489	6485	2
1489	5122	2
1489	30562	1
1489	1870	2
1489	617	2
1489	32423	2
1489	43525	2
1489	4098	1
1489	31015	1
1489	17494	2
1489	5279	1
1489	28745	2
1489	8248	2
1489	15626	1
1489	1954	3
1489	3060	2
1489	10845	3
1489	23807	3
1489	3451	3
1489	42825	1
1489	22638	2
1489	23802	1
1489	31919	2
1489	7429	2
1489	26953	3
1489	23508	2
1489	41274	1
1489	598	2
1489	1939	2
1489	3243	2
1489	12442	1
1489	4647	3
1489	4498	2
1489	10965	2
1489	22154	3
1489	19667	2
1489	1872	3
1489	38705	1
1489	41617	1
1489	8927	1
1489	610	2
1489	936	2
1489	2681	3
1489	932	2
1489	9792	2
1489	32	2
1489	9029	1
1489	36892	2
1489	31231	2
1489	6923	2
1489	3194	1
1489	19477	1
1489	28720	1
1489	9268	2
1489	15825	2
1489	13993	2
1489	14331	1
1489	2153	2
1489	19535	2
1489	2664	3
1489	40673	2
1489	22890	2
1001	34952	3
1001	641	2
1001	9709	2
1001	299	2
1001	8886	2
1001	5967	1
1001	3331	3
1001	32155	3
1001	9045	2
1001	23820	1
1001	18136	2
1001	4800	3
1001	32995	2
1001	1825	1
1001	42804	2
1001	4862	2
1001	45013	2
1001	12354	2
1001	32424	3
1001	19715	2
1001	14513	3
1001	4927	2
1001	22007	1
1001	42086	1
1001	16714	2
1001	39563	3
1001	7424	2
1001	10169	2
1001	17608	3
1001	13724	2
1001	7445	2
1001	45290	2
1001	18628	2
1001	8646	3
1001	19374	3
1001	31812	1
1001	45264	2
1001	4540	3
1001	19373	3
1001	3802	2
1001	19180	2
1001	6905	3
1001	4588	3
1001	8668	2
1001	6029	1
1001	57	2
1001	7467	2
1001	36683	2
1001	22087	2
1001	889	2
1001	27204	2
1001	30379	2
1001	17695	2
1001	38214	3
1001	19948	3
1001	37709	3
1001	5722	3
1001	44952	2
1001	44240	3
1001	40426	2
1001	5017	1
1001	1508	3
1001	38667	2
1001	22361	2
1001	37266	3
1001	34234	2
1001	22089	1
1001	41870	3
1001	18112	2
1001	39804	2
1001	15412	2
1001	31743	3
1001	6601	2
1001	38143	3
1001	5317	3
1001	1570	3
1001	20660	3
1001	8580	3
1001	45356	3
1001	23078	1
1002	5421	2
1002	2019	1
1002	6780	1
1002	5983	2
1002	11204	2
1002	6620	2
1002	7687	2
1002	32267	1
1002	23618	2
1002	20645	2
1002	3373	1
1002	4681	2
1002	5057	2
1002	40828	2
1002	45402	1
1002	3028	2
1002	17595	2
1002	28844	2
1002	5945	2
1002	18153	2
1002	2528	2
1002	4037	1
1002	27164	1
1002	22223	2
1002	41423	2
1002	3794	2
1002	35637	2
1002	100	1
1002	36556	2
1002	3435	2
1002	6919	2
1002	514	2
1002	10970	2
1002	10456	2
1002	36555	2
1002	3618	2
1002	6894	2
1002	6810	2
1002	7589	2
1002	22234	1
1002	28865	2
1002	4348	2
1002	8121	2
1002	38856	2
1002	6275	2
1002	30570	2
1002	38708	2
1002	8541	2
1002	7282	2
1002	7087	1
1002	7136	2
1002	28932	2
1002	27578	2
1002	14134	2
1002	510	1
1002	35597	2
1002	18543	2
1002	42318	2
1002	13921	3
1002	7755	2
1002	19742	2
1002	6632	2
1002	39768	2
1002	8881	2
1002	19198	1
1002	26664	2
1002	512	3
1002	22586	2
1002	14028	2
1002	20081	2
1002	39822	2
1002	19038	2
1002	7789	1
1002	26821	2
1002	6438	2
1002	156	1
1002	5331	2
1002	35652	2
61222	17647	3
61222	35888	1
61222	6029	3
61222	2682	2
61222	6191	2
61222	41176	1
61222	10994	3
61222	9158	3
61222	3430	1
61222	8435	3
61222	487	2
61222	5722	2
61222	20081	1
61222	3635	3
61222	38349	2
61222	20444	2
61222	716	1
61222	39804	2
61222	3371	2
61222	8063	2
61222	7160	2
61222	4498	2
61222	39179	2
61222	30896	1
61222	19281	1
61222	43222	2
61222	4912	1
61222	22991	3
61222	8017	2
61222	8335	3
61222	32539	2
61222	32042	1
61222	2215	3
61222	6275	1
61222	2790	2
61222	44255	2
61222	12354	1
61222	34922	1
61222	37119	2
61222	35912	1
61222	4245	1
61222	3186	2
61222	20649	2
61222	8810	1
61222	243	2
61222	14918	2
61222	44190	1
61222	38686	1
61222	5334	2
61222	13554	2
61222	4873	1
61222	42354	1
61222	32610	1
61222	19038	1
61222	39765	1
61222	27721	3
61222	7165	3
61222	37573	2
61222	44011	1
61222	31919	3
61222	40426	2
61222	36897	3
61222	4156	2
61222	6810	2
61222	9709	1
61222	18039	3
61222	19535	1
61222	19393	2
61222	26654	1
61222	4891	3
61222	6765	2
61222	35472	1
61222	13814	1
61222	19361	1
61222	9099	1
61222	10401	1
61222	42420	1
61222	9476	1
61222	14134	2
61222	10245	2
8745	35031	3
8745	6765	3
8745	4398	3
8745	14921	2
8745	2335	3
8745	39016	3
8745	3635	2
8745	23859	2
8745	27204	3
8745	4566	3
8745	39757	3
8745	6982	3
8745	11104	3
8745	8881	3
8745	41617	3
8745	22087	3
8745	44399	3
8745	14193	3
8745	30149	3
8745	9887	3
8745	23408	3
8745	1783	2
8745	34463	3
8745	1713	3
8745	12354	3
8745	7282	3
8745	36045	3
8745	15728	3
8745	8961	3
8745	4348	3
8745	5912	3
8745	5134	3
8745	39563	3
8745	5821	3
8745	41	3
8745	31103	2
8745	2484	3
8745	23504	3
8745	43833	3
8745	6996	3
8745	3773	3
8745	814	3
8745	1870	2
8745	38399	3
8745	4357	3
8745	32539	3
8745	3618	3
8745	42420	3
8745	2381	3
8745	35562	3
8745	42340	3
8745	8635	3
8745	7367	3
8745	29952	3
8745	23104	3
8745	8063	3
8745	4588	3
8745	1231	3
8745	8055	3
8745	6923	3
8745	26467	3
8745	20649	2
8745	57	3
8745	36010	2
8745	44876	3
8745	26664	3
8745	716	3
8745	28612	3
8745	32930	3
8745	11143	2
8745	16294	3
8745	8095	3
8745	8110	3
8745	38349	3
8745	39822	3
8745	38686	3
8745	2667	3
8745	16765	3
8745	3404	3
8745	9099	2
8745	923	3
8745	4681	3
8745	16112	3
8745	18736	2
8745	19994	3
8745	3150	3
8745	5002	3
8745	4315	3
8745	2910	3
6345	31374	2
6345	45472	3
6345	20389	2
6345	8461	2
6345	14696	2
6345	3013	2
6345	15293	3
6345	7223	2
6345	4735	2
6345	15527	2
6345	26337	2
6345	18450	3
6345	30322	2
6345	14047	2
6345	10692	2
6345	20147	2
6345	9395	2
6345	4217	2
6345	162	2
6345	5295	2
6345	40712	3
6345	5982	2
6345	5134	2
6345	30896	3
6345	19943	2
6345	1587	3
6345	5920	3
6345	19298	3
6345	40218	3
6345	28110	3
6345	1238	2
6345	17892	2
6345	382	2
6345	32610	2
6345	2644	2
6345	22875	3
6345	38528	2
6345	14581	2
6345	39443	2
6345	28639	3
6345	23915	2
6345	16723	3
6345	43128	2
6345	41730	2
6345	14016	2
6345	8929	2
6345	27158	2
6345	4873	3
6345	19447	2
6345	2414	2
6345	569	3
6345	4625	3
6345	35494	3
6345	5912	2
6345	14760	2
6345	9603	3
6345	15159	2
6345	2561	2
6345	27903	2
6345	8476	2
6345	28227	3
6345	13814	2
6345	242	2
6345	7878	3
6345	19281	3
6345	4638	2
6345	4278	2
6345	5518	2
6345	20101	2
6345	23920	3
6345	22285	2
6345	33189	2
6345	34922	2
6345	42008	3
6345	2111	2
6345	30149	2
6345	4912	2
6345	18736	2
6345	30995	2
6345	15517	2
6345	38349	2
6345	17647	2
6345	34600	2
6345	12378	2
6345	27390	2
7717	30962	3
7717	7622	3
7717	2790	3
7717	11054	3
7717	8752	1
7717	18987	1
7717	6035	2
7717	2667	2
7717	6191	3
7717	8179	3
7717	10656	3
7717	2688	3
7717	7247	3
7717	3131	2
7717	8119	2
7717	5002	3
7717	25318	3
7717	35013	1
7717	45270	2
7717	9099	2
7717	26467	2
7717	44844	2
7717	8902	1
7717	26805	2
7717	1790	3
7717	5449	2
7717	45065	3
7717	5283	3
7717	17655	2
7717	36365	3
7717	3122	2
7717	14805	3
7717	27539	2
7717	22544	2
7717	19594	3
7717	361	3
7717	34964	2
7717	733	3
7717	44418	2
7717	28850	1
7717	20567	3
7717	14138	3
7717	26763	2
7717	23153	2
7717	18422	3
7717	3773	3
7717	17594	1
7717	26862	2
7717	37672	2
7717	42192	3
7717	2613	2
7717	8626	2
7717	23379	3
7717	29944	2
7717	4551	2
7717	18562	1
7717	10935	1
7717	9030	3
7717	8854	3
7717	38953	2
7717	45317	1
7717	30828	2
7717	17422	1
7717	10103	1
7717	4739	1
7717	5953	3
7717	546	3
7717	35031	1
7717	18385	3
7717	487	2
7717	11104	3
7717	1186	3
7717	9432	2
7717	18065	2
7717	42352	3
7717	32646	2
7717	8055	2
7717	25313	1
7717	22599	1
7717	6518	2
6565	43525	1
6565	31374	3
6565	5518	2
6565	14299	2
6565	36000	1
6565	922	1
6565	11118	1
6565	10245	3
6565	8080	1
6565	3255	2
6565	31919	2
6565	15165	2
6565	36535	2
6565	44229	2
6565	6284	2
6565	34922	1
6565	15517	3
6565	37483	2
6565	5727	3
6565	5046	3
6565	1570	3
6565	8476	2
6565	43222	2
6565	7089	3
6565	19572	1
6565	22638	3
6565	35888	2
6565	41943	1
6565	3167	2
6565	141	3
6565	6277	1
6565	3371	3
6565	36064	2
6565	26574	2
6565	42192	3
6565	19875	1
6565	1121	3
6565	31073	1
6565	44161	1
6565	2673	2
6565	45472	1
6565	3013	1
6565	19742	1
6565	7622	3
6565	6810	2
6565	921	3
6565	10692	2
6565	450	3
6565	18039	2
6565	40499	3
6565	1872	3
6565	10656	1
6565	42800	1
6565	20650	1
6565	17446	2
6565	4771	3
6565	35637	2
6565	277	1
6565	162	1
6565	32449	2
6565	10965	1
6565	6780	3
6565	24004	3
6565	16692	1
6565	40347	2
6565	41959	2
6565	6970	1
6565	37119	1
6565	14047	3
6565	3738	2
6565	22586	3
6565	20292	1
6565	14028	3
6565	30379	2
6565	3	2
6565	32929	3
6565	42177	3
6565	39126	1
6565	3099	1
6565	5484	2
8762	3194	2
8762	14193	2
8762	803	2
8762	4516	2
8762	14236	3
8762	1231	2
8762	18736	3
8762	36365	2
8762	19364	2
8762	28110	2
8762	8110	3
8762	23859	3
8762	14466	2
8762	16441	3
8762	10479	3
8762	38309	3
8762	27238	3
8762	23807	2
8762	5317	2
8762	30400	3
8762	7004	3
8762	6601	1
8762	43914	2
8762	38155	2
8762	34964	2
8762	40347	3
8762	35637	2
8762	31103	3
8762	14745	2
8762	22087	2
8762	22223	2
8762	10334	3
8762	18877	2
8762	7589	1
8762	22430	2
8762	6473	3
8762	22890	2
8762	20024	2
8762	1872	3
8762	14349	2
8762	5122	2
8762	3477	1
8762	3488	2
8762	4927	2
8762	36393	3
8762	8700	3
8762	8646	2
8762	39016	1
8762	3	2
8762	18630	2
8762	9029	2
8762	19615	2
8762	17892	2
8762	14026	2
8762	36652	2
8762	44551	1
8762	450	3
8762	20006	1
8762	14581	2
8762	22586	3
8762	43270	2
8762	18322	3
8762	15527	1
8762	44935	3
8762	19742	2
8762	8854	3
8762	16087	2
8762	32449	2
8762	42825	2
8762	9903	3
8762	3257	2
8762	14903	1
8762	8476	2
8762	6738	3
8762	22956	3
8762	4681	2
8762	162	3
8762	606	2
8762	8902	1
8762	641	2
7445	20567	2
7445	28106	2
7445	5912	3
7445	16022	2
7445	3201	1
7445	41959	2
7445	1713	1
7445	23908	1
7445	29952	2
7445	9603	2
7445	35597	2
7445	9563	1
7445	27390	2
7445	889	2
7445	26574	1
7445	3072	1
7445	4441	1
7445	41372	2
7445	8611	2
7445	10274	2
7445	26913	3
7445	18987	2
7445	10103	1
7445	41	3
7445	23915	1
7445	4645	2
7445	19060	2
7445	20101	1
7445	321	2
7445	5141	1
7445	10456	2
7445	7533	3
7445	1118	1
7445	6277	2
7445	19804	3
7445	38399	1
7445	23078	1
7445	564	1
7445	19447	1
7445	22234	3
7445	7443	2
7445	10050	2
7445	38953	2
7445	10809	2
7445	44240	3
7445	39757	1
7445	43747	2
7445	617	2
7445	15626	1
7445	32404	3
7445	19600	1
7445	35330	2
7445	6970	3
7445	2414	3
7445	20660	2
7445	7531	2
7445	26426	1
7445	36556	1
7445	39126	2
7445	10845	2
7445	7715	2
7445	31743	1
7445	6664	1
7445	32155	3
7445	4540	3
7445	15728	1
7445	4961	2
7445	23415	3
7445	16408	3
7445	4621	2
7445	30495	3
7445	1186	1
7445	23820	2
7445	1908	1
7445	31374	2
7445	17488	2
7445	42990	1
7445	16294	2
7445	24096	3
7445	28858	2
1234	43742	1
1234	3331	3
1234	31907	1
1234	1771	2
1234	38705	2
1234	22285	1
1234	32929	2
1234	23574	2
1234	20565	3
1234	45472	2
1234	9701	3
1234	45065	1
1234	5046	1
1234	6919	3
1234	12513	3
1234	18065	1
1234	44309	3
1234	11143	3
1234	4182	1
1234	514	3
1234	15293	2
1234	22073	3
1234	22428	2
1234	990	2
1234	14115	2
1234	5113	2
1234	32	3
1234	16711	3
1234	31047	2
1234	23802	1
1234	4860	2
1234	43635	1
1234	6780	3
1234	44343	1
1234	18612	3
1234	19948	2
1234	5959	2
1234	9432	2
1234	7083	2
1234	5279	2
1234	39904	3
1234	22241	3
1234	7282	2
1234	1825	2
1234	45264	3
1234	34463	1
1234	8130	2
1234	8936	1
1234	19979	2
1234	19572	2
1234	30322	2
1234	5842	2
1234	9907	2
1234	22034	3
1234	8635	2
1234	19198	1
1234	7755	2
1234	3099	2
1234	26467	2
1234	23514	3
1234	9463	2
1234	156	1
1234	8929	2
1234	17446	2
1234	19776	2
1234	6905	2
1234	10555	2
1234	44804	3
1234	5057	3
1234	17422	2
1234	5967	2
1234	2102	1
1234	19180	3
1234	7089	2
1234	3131	2
1234	21979	3
1234	10666	2
1234	34893	2
1234	3618	1
1234	923	1
9453	43868	1
9453	6180	3
9453	4566	1
9453	19291	1
9453	35736	1
9453	755	3
9453	42915	1
9453	7687	1
9453	3831	3
9453	44329	1
9453	7505	2
9453	4367	2
9453	35494	2
9453	43557	3
9453	31529	2
9453	25318	3
9453	3274	2
9453	19057	3
9453	19715	1
9453	27987	1
9453	36535	2
9453	16253	3
9453	39705	2
9453	16309	1
9453	5920	1
9453	39822	2
9453	44759	1
9453	34952	1
9453	19744	1
9453	22507	2
9453	932	1
9453	22007	1
9453	32720	2
9453	34234	1
9453	15166	2
9453	19994	2
9453	11024	3
9453	42192	2
9453	23945	2
9453	23682	2
9453	18887	3
9453	10935	3
9453	3794	3
9453	34226	2
9453	35562	1
9453	2528	2
9453	22875	1
9453	4647	2
9453	42177	2
9453	26337	3
9453	2342	2
9453	31106	1
9453	27204	1
9453	18385	1
9453	9805	1
9453	1587	2
9453	43525	1
9453	10970	1
9453	45290	1
9453	22825	2
9453	9064	1
9453	1996	1
9453	3243	1
9453	1939	2
9453	5848	2
9453	19223	1
9453	2039	1
9453	31231	1
9453	22089	1
9453	27834	2
9453	44684	1
9453	20487	1
9453	38013	1
9453	18490	3
9453	15825	1
9453	44984	1
9453	1675	2
9453	42086	2
9453	8576	1
9453	512	2
4098	2150	2
4098	27986	2
4098	8700	2
4098	8054	2
4098	3	2
4098	22168	2
4098	22379	2
4098	16649	1
4098	19223	2
4098	44787	3
4098	40146	3
4098	41234	3
4098	243	1
4098	44935	1
4098	2400	1
4098	6738	3
4098	7722	2
4098	14903	1
4098	19291	2
4098	10540	2
4098	18322	3
4098	14665	1
4098	43036	1
4098	20230	1
4098	26975	3
4098	7757	3
4098	10245	2
4098	37736	2
4098	7410	2
4098	1675	1
4098	2523	1
4098	4891	1
4098	27987	3
4098	22956	2
4098	41176	2
4098	2335	2
4098	2601	1
4098	5842	2
4098	39016	2
4098	40770	3
4098	803	1
4098	16087	1
4098	32353	3
4098	29952	3
4098	9701	3
4098	22991	2
4098	38686	3
4098	11113	2
4098	7759	2
4098	35736	1
4098	20139	2
4098	24004	2
4098	36000	1
4098	20487	1
4098	40156	2
4098	922	1
4098	8810	1
4098	15728	2
4098	2168	2
4098	30495	1
4098	16441	2
4098	12328	3
4098	37049	1
4098	4996	2
4098	19784	1
4098	34824	2
4098	15819	2
4098	44551	1
4098	15166	2
4098	42966	1
4098	13690	1
4098	3738	1
4098	8737	3
4098	8025	2
4098	1509	1
4098	5426	1
4098	8110	1
4098	1118	2
4098	9563	2
4098	22073	2
5556	10965	2
5556	20087	2
5556	1790	2
5556	37266	2
5556	30828	2
5556	38214	2
5556	22504	2
5556	23366	1
5556	5849	2
5556	7223	2
5556	7556	2
5556	19943	1
5556	6182	2
5556	30389	2
5556	8737	2
5556	1738	2
5556	5935	2
5556	19784	2
5556	40044	2
5556	39258	2
5556	16528	2
5556	10656	2
5556	8564	2
5556	15165	2
5556	13860	2
5556	43599	2
5556	44229	2
5556	5518	2
5556	4398	3
5556	9007	1
5556	8671	2
5556	43106	2
5556	28720	2
5556	10070	2
5556	2019	2
5556	40146	1
5556	6141	2
5556	7136	2
5556	15517	2
5556	14568	2
5556	32438	2
5556	18954	2
5556	27653	2
5556	20870	2
5556	43381	2
5556	23417	2
5556	2667	2
5556	18272	2
5556	466	2
5556	24004	2
5556	1167	2
5556	16692	3
5556	36000	2
5556	4348	2
5556	16714	2
5556	3802	2
5556	5962	2
5556	14984	1
5556	2381	2
5556	26763	2
5556	18423	2
5556	41274	2
5556	9663	2
5556	18628	3
5556	23508	2
5556	10853	1
5556	16313	2
5556	30522	2
5556	8990	2
5556	6045	3
5556	26	2
5556	18422	2
5556	43220	1
5556	14028	2
5556	5993	2
5556	2117	2
5556	7247	2
5556	9830	2
5556	18251	2
5556	4597	2
2398	2414	2
2398	22696	3
2398	3000	3
2398	38856	2
2398	22154	2
2398	39179	2
2398	10919	2
2398	40673	3
2398	32438	2
2398	37709	2
2398	3373	2
2398	6029	1
2398	4136	2
2398	733	2
2398	564	3
2398	2	2
2398	20081	1
2398	41801	3
2398	7556	2
2398	14792	2
2398	243	2
2398	14745	2
2398	7087	3
2398	28844	2
2398	1801	2
2398	10812	2
2398	38705	2
2398	4739	3
2398	42008	3
2398	2612	1
2398	369	2
2398	19979	3
2398	2442	3
2398	9709	3
2398	18490	2
2398	44418	2
2398	22956	3
2398	3050	3
2398	11204	2
2398	20893	2
2398	3010	1
2398	2153	3
2398	6664	2
2398	9476	1
2398	27876	1
2398	10845	2
2398	14918	3
2398	14115	3
2398	15034	3
2398	40828	2
2398	5983	1
2398	26863	2
2398	5234	1
2398	30757	2
2398	7443	1
2398	35912	3
2398	17647	3
2398	17655	2
2398	1167	3
2398	19281	2
2398	14679	2
2398	39049	3
2398	37266	1
2398	7004	2
2398	5113	3
2398	14184	2
2398	10169	3
2398	382	3
2398	27238	3
2398	44935	2
2398	4551	3
2398	11162	3
2398	44374	1
2398	12328	2
2398	4961	3
2398	9786	3
2398	8306	3
2398	31957	3
2398	5993	2
2398	31907	2
2776	974	2
2776	5134	1
2776	27504	1
2776	16799	1
2776	40292	1
2776	35652	3
2776	20459	3
2776	40828	2
2776	12378	2
2776	5335	1
2776	19594	1
2776	35545	3
2776	7429	1
2776	19374	2
2776	14047	3
2776	27782	1
2776	31015	1
2776	40673	2
2776	40655	1
2776	35091	1
2776	20211	2
2776	33189	2
2776	361	1
2776	19477	3
2776	38750	3
2776	8119	2
2776	45411	1
2776	22154	2
2776	4098	1
2776	1941	2
2776	10540	2
2776	28850	1
2776	19875	3
2776	3803	1
2776	17608	1
2776	2910	2
2776	16723	1
2776	100	1
2776	5982	2
2776	44418	1
2776	1064	1
2776	10949	3
2776	42352	2
2776	36010	2
2776	5821	3
2776	8668	1
2776	6837	1
2776	9206	1
2776	2	1
2776	43128	1
2776	7722	3
2776	27903	2
2776	23868	2
2776	921	1
2776	20304	1
2776	30962	3
2776	20645	3
2776	11162	2
2776	20344	3
2776	242	1
2776	22544	3
2776	7653	2
2776	25316	1
2776	5399	3
2776	30757	3
2776	40152	1
2776	7238	2
2776	6574	2
2776	13724	2
2776	9792	2
2776	4731	1
2776	1901	1
2776	2150	2
2776	3028	2
2776	5727	2
2776	2495	2
2776	16112	3
2776	6284	3
2776	34311	1
2776	12264	2
2414	45065	2
2414	34824	1
2414	7789	1
2414	22544	2
2414	8017	1
2414	11113	1
2414	20139	2
2414	17366	2
2414	17422	1
2414	4278	2
2414	8564	2
2414	38708	1
2414	18573	1
2414	8521	3
2414	43742	2
2414	32610	1
2414	7902	2
2414	9206	2
2414	14568	2
2414	18112	1
2414	19138	1
2414	2644	2
2414	32	1
2414	2342	1
2414	7049	1
2414	2523	2
2414	26331	1
2414	36897	1
2414	22890	2
2414	19364	1
2414	13690	1
2414	6180	1
2414	14213	1
2414	7223	2
2414	13789	1
2414	19057	2
2414	43381	2
2414	18877	2
2414	4098	1
2414	36555	2
2414	18892	1
2414	2664	2
2414	8615	2
2414	2686	1
2414	2019	2
2414	19477	1
2414	37049	2
2414	27986	1
2414	14575	2
2414	4647	2
2414	32267	2
2414	42804	2
2414	16694	1
2414	9463	1
2414	4561	2
2414	9395	2
2414	23920	2
2414	3477	1
2414	23908	1
2414	4996	2
2414	34952	2
2414	8929	1
2414	15542	2
2414	23508	2
2414	4800	2
2414	30995	1
2414	44167	1
2414	40770	2
2414	32995	1
2414	6191	1
2414	41176	2
2414	15527	1
2414	14466	2
2414	11224	2
2414	3201	2
2414	32720	1
2414	7429	2
2414	18135	1
2414	6620	1
2414	6919	1
5432	5130	2
5432	8461	2
5432	7424	1
5432	18153	1
5432	38667	2
5432	19373	2
5432	10049	2
5432	28180	2
5432	382	2
5432	20712	2
5432	28865	2
5432	1508	2
5432	41730	1
5432	14665	2
5432	31781	2
5432	8752	2
5432	8750	1
5432	2664	2
5432	28612	2
5432	15159	1
5432	14299	2
5432	4226	2
5432	2561	1
5432	10169	2
5432	13570	2
5432	37628	2
5432	2681	3
5432	598	2
5432	20147	2
5432	16920	1
5432	3373	1
5432	42800	2
5432	20632	2
5432	31812	2
5432	2601	2
5432	7320	2
5432	7985	2
5432	6632	1
5432	8912	2
5432	9399	1
5432	38847	2
5432	38143	2
5432	34824	2
5432	6982	2
5432	32646	2
5432	2523	2
5432	7231	2
5432	8580	2
5432	26862	2
5432	4638	2
5432	38856	2
5432	14491	2
5432	569	3
5432	17445	2
5432	22638	2
5432	26331	2
5432	34808	2
5432	8248	1
5432	4309	2
5432	1870	2
5432	3244	2
5432	39563	2
5432	30149	1
5432	10812	2
5432	18713	2
5432	5295	2
5432	3000	2
5432	3013	2
5432	36330	2
5432	1605	2
5432	1065	2
5432	41234	2
5432	27125	2
5432	41943	2
5432	10919	2
5432	8054	1
5432	17594	2
5432	22562	2
5432	22250	2
5432	1238	2
